分数,本段人数,累计人数
712,1,1
704,1,2
703,2,4
702,1,5
701,1,6
700,1,7
698,1,8
696,1,9
695,1,10
693,3,13
692,2,15
691,1,16
689,2,18
688,3,21
687,2,23
686,2,25
684,6,31
683,5,36
682,3,39
681,4,43
679,1,44
678,9,53
677,2,55
676,5,60
675,4,64
674,9,73
673,7,80
672,9,89
671,9,98
670,9,107
669,11,118
668,9,127
667,7,134
666,16,150
665,8,158
664,15,173
663,16,189
662,21,210
661,11,221
660,18,239
659,22,261
658,18,279
657,19,298
656,28,326
655,21,347
654,22,369
653,26,395
652,32,427
651,29,456
650,36,492
649,37,529
648,34,563
647,40,603
646,37,640
645,37,677
644,42,719
643,31,750
642,55,805
641,45,850
640,53,903
639,45,948
638,46,994
637,48,1042
636,58,1100
635,52,1152
634,53,1205
633,56,1261
632,42,1303
631,71,1374
630,72,1446
629,71,1517
628,65,1582
627,74,1656
626,63,1719
625,69,1788
624,86,1874
623,68,1942
622,86,2028
621,78,2106
620,97,2203
619,77,2280
618,86,2366
617,85,2451
616,89,2540
615,91,2631
614,110,2741
613,108,2849
612,114,2963
611,120,3083
610,134,3217
609,113,3330
608,129,3459
607,115,3574
606,118,3692
605,126,3818
604,134,3952
603,145,4097
602,155,4252
601,135,4387
600,135,4522
599,144,4666
598,140,4806
597,155,4961
596,120,5081
595,158,5239
594,152,5391
593,168,5559
592,145,5704
591,191,5895
590,188,6083
589,196,6279
588,165,6444
587,206,6650
586,186,6836
585,179,7015
584,197,7212
583,210,7422
582,215,7637
581,220,7857
580,212,8069
579,230,8299
578,215,8514
577,230,8744
576,218,8962
575,194,9156
574,228,9384
573,249,9633
572,239,9872
571,220,10092
570,253,10345
569,237,10582
568,276,10858
567,293,11151
566,282,11433
565,262,11695
564,278,11973
563,291,12264
562,268,12532
561,272,12804
560,300,13104
559,269,13373
558,308,13681
557,332,14013
556,265,14278
555,283,14561
554,317,14878
553,298,15176
552,337,15513
551,326,15839
550,342,16181
549,328,16509
548,320,16829
547,333,17162
546,345,17507
545,356,17863
544,337,18200
543,346,18546
542,365,18911
541,388,19299
540,375,19674
539,382,20056
538,409,20465
537,365,20830
536,372,21202
535,347,21549
534,366,21915
533,416,22331
532,429,22760
531,368,23128
530,394,23522
529,426,23948
528,364,24312
527,401,24713
526,416,25129
525,423,25552
524,389,25941
523,428,26369
522,429,26798
521,442,27240
520,435,27675
519,448,28123
518,406,28529
517,463,28992
516,451,29443
515,454,29897
514,463,30360
513,447,30807
512,448,31255
511,467,31722
510,486,32208
509,524,32732
508,490,33222
507,493,33715
506,510,34225
505,541,34766
504,522,35288
503,496,35784
502,494,36278
501,498,36776
500,540,37316
499,560,37876
498,513,38389
497,521,38910
496,515,39425
495,528,39953
494,567,40520
493,550,41070
492,569,41639
491,541,42180
490,568,42748
489,499,43247
488,594,43841
487,554,44395
486,551,44946
485,512,45458
484,582,46040
483,562,46602
482,545,47147
481,620,47767
480,589,48356
479,612,48968
478,587,49555
477,651,50206
476,594,50800
475,629,51429
474,623,52052
473,585,52637
472,653,53290
471,676,53966
470,630,54596
469,615,55211
468,649,55860
467,631,56491
466,672,57163
465,654,57817
464,662,58479
463,642,59121
462,628,59749
461,621,60370
460,602,60972
459,686,61658
458,617,62275
457,662,62937
456,639,63576
455,682,64258
454,665,64923
453,666,65589
452,655,66244
451,669,66913
450,637,67550
449,603,68153
448,645,68798
447,652,69450
446,629,70079
445,644,70723
444,687,71410
443,647,72057
442,670,72727
441,593,73320
440,672,73992
439,655,74647
438,647,75294
437,668,75962
436,652,76614
435,695,77309
434,709,78018
433,668,78686
432,663,79349
431,679,80028
430,655,80683
429,657,81340
428,626,81966
427,659,82625
426,603,83228
425,636,83864
424,592,84456
423,581,85037
422,658,85695
421,635,86330
420,646,86976
419,612,87588
418,622,88210
417,662,88872
416,608,89480
415,579,90059
414,569,90628
413,596,91224
412,556,91780
411,606,92386
410,614,93000
409,583,93583
408,600,94183
407,626,94809
406,540,95349
405,584,95933
404,589,96522
403,567,97089
402,602,97691
401,548,98239
400,591,98830
399,533,99363
398,584,99947
397,529,100476
396,564,101040
395,570,101610
394,566,102176
393,538,102714
392,547,103261
391,524,103785
390,544,104329
389,486,104815
388,527,105342
387,495,105837
386,559,106396
385,532,106928
384,459,107387
383,493,107880
382,499,108379
381,478,108857
380,492,109349
379,493,109842
378,488,110330
377,498,110828
376,493,111321
375,474,111795
374,448,112243
373,489,112732
372,489,113221
371,456,113677
370,454,114131
369,480,114611
368,463,115074
367,477,115551
366,421,115972
365,442,116414
364,398,116812
363,470,117282
362,462,117744
361,420,118164
360,455,118619
359,409,119028
358,388,119416
357,437,119853
356,403,120256
355,404,120660
354,423,121083
353,390,121473
352,402,121875
351,421,122296
350,406,122702
349,413,123115
348,366,123481
347,365,123846
346,403,124249
345,400,124649
344,397,125046
343,401,125447
342,410,125857
341,395,126252
340,420,126672
339,345,127017
338,379,127396
337,398,127794
336,412,128206
335,360,128566
334,321,128887
333,327,129214
332,379,129593
331,367,129960
330,364,130324
329,355,130679
328,362,131041
327,368,131409
326,361,131770
325,376,132146
324,334,132480
323,352,132832
322,356,133188
321,330,133518
320,331,133849
319,317,134166
318,331,134497
317,357,134854
316,324,135178
315,324,135502
314,322,135824
313,339,136163
312,351,136514
311,340,136854
310,322,137176
309,332,137508
308,320,137828
307,338,138166
306,348,138514
305,352,138866
304,274,139140
303,286,139426
302,327,139753
301,303,140056
300,339,140395
299,309,140704
298,266,140970
297,251,141221
296,275,141496
295,290,141786
294,270,142056
293,289,142345
292,292,142637
291,237,142874
290,297,143171
289,279,143450
288,279,143729
287,297,144026
286,316,144342
285,291,144633
284,268,144901
283,262,145163
282,309,145472
281,292,145764
280,292,146056
279,285,146341
278,288,146629
277,278,146907
276,280,147187
275,272,147459
274,263,147722
273,300,148022
272,276,148298
271,289,148587
270,247,148834
269,288,149122
268,253,149375
267,267,149642
266,258,149900
265,224,150124
264,270,150394
263,242,150636
262,255,150891
261,240,151131
260,266,151397
259,224,151621
258,246,151867
257,218,152085
256,246,152331
255,226,152557
254,249,152806
253,219,153025
252,236,153261
251,230,153491
250,236,153727
249,238,153965
248,222,154187
247,227,154414
246,217,154631
245,194,154825
244,231,155056
243,204,155260
242,202,155462
241,227,155689
240,219,155908
239,210,156118
238,195,156313
237,210,156523
236,201,156724
235,196,156920
234,167,157087
233,171,157258
232,176,157434
231,174,157608
230,195,157803
229,188,157991
228,180,158171
227,170,158341
226,164,158505
225,165,158670
224,165,158835
223,180,159015
222,149,159164
221,156,159320
220,164,159484
219,142,159626
218,149,159775
217,145,159920
216,133,160053
215,141,160194
214,151,160345
213,117,160462
212,148,160610
211,117,160727
210,151,160878
209,128,161006
208,140,161146
207,137,161283
206,140,161423
205,142,161565
204,103,161668
203,123,161791
202,118,161909
201,132,162041
200,92,162133
199,105,162238
198,117,162355
197,99,162454
196,96,162550
195,117,162667
194,104,162771
193,104,162875
192,87,162962
191,103,163065
190,99,163164
189,104,163268
188,84,163352
187,103,163455
186,89,163544
185,75,163619
184,88,163707
183,86,163793
182,80,163873
181,84,163957
180,64,164021
179,72,164093
178,83,164176
177,68,164244
176,62,164306
175,63,164369
174,67,164436
173,77,164513
172,54,164567
171,68,164635
170,57,164692
169,51,164743
168,46,164789
167,47,164836
166,50,164886
165,51,164937
164,35,164972
163,43,165015
162,50,165065
161,51,165116
160,35,165151
159,37,165188
158,31,165219
157,42,165261
156,35,165296
155,39,165335
154,38,165373
153,37,165410
152,28,165438
151,33,165471
150,33,165504
149,19,165523
148,21,165544
147,40,165584
146,21,165605
145,23,165628
144,15,165643
143,28,165671
142,15,165686
141,25,165711
140,17,165728
139,15,165743
138,24,165767
137,16,165783
136,23,165806
135,10,165816
134,9,165825
133,17,165842
132,6,165848
131,17,165865
130,13,165878
129,16,165894
128,18,165912
127,13,165925
126,6,165931
125,14,165945
124,10,165955
123,11,165966
122,9,165975
121,10,165985
120,6,165991
119,4,165995
118,8,166003
117,11,166014
116,5,166019
115,6,166025
114,13,166038
113,4,166042
112,9,166051
111,4,166055
110,5,166060
109,3,166063
108,7,166070
107,6,166076
106,5,166081
105,4,166085
104,5,166090
103,8,166098
102,4,166102
101,6,166108
100,6,166114
